02apr12co,RRV001,order2,2012_FDES_CR_02apr12co,2012,FDES_CR
02apr12ms2,RRV002,order2,2012_FDES_CR_02apr12ms2,2012,FDES_CR
03apr12ae,RRV003,order2,2012_FDES_CR_03apr12ae,2012,FDES_CR
09apr12ab,RRV004,order2,2012_FDES_CR_09apr12ab,2012,FDES_CR
09apr12hr,RRV005,order2,2012_FDES_CR_09apr12hr,2012,FDES_CR
09apr12kz,RRV006,order2,2012_FDES_CR_09apr12kz,2012,FDES_CR
10apr12ks,RRV007,order2,2012_FDES_CR_10apr12ks,2012,FDES_CR
10apr12mb,RRV008,order2,2012_FDES_CR_10apr12mb,2012,FDES_CR
11apr12jk,RRV009,order2,2012_FDES_CR_11apr12jk,2012,FDES_CR
11apr12lh,RRV010,order2,2012_FDES_CR_11apr12lh,2012,FDES_CR
12apr12mc,RRV011,order1,2012_FDES_CR_12apr12mc,2012,FDES_CR
17apr12jw,RRV012,order2,2012_FDES_CR_17apr12jw,2012,FDES_CR
17apr12sb,RRV013,order1,2012_FDES_CR_17apr12sb,2012,FDES_CR
24apr12ak,RRV014,order2,2012_FDES_CR_24apr12ak,2012,FDES_CR
25apr12km,RRV015,order1,2012_FDES_CR_25apr12km,2012,FDES_CR
26apr12dm,RRV016,order1,2012_FDES_CR_26apr12dm,2012,FDES_CR
26apr12ma,RRV017,order2,2012_FDES_CR_26apr12ma,2012,FDES_CR
26mar12eb,RRV018,order1,2012_FDES_CR_26mar12eb,2012,FDES_CR
26mar12mb,RRV019,order1,2012_FDES_CR_26mar12mb,2012,FDES_CR
26mar12sm,RRV020,order1,2012_FDES_CR_26mar12sm,2012,FDES_CR
26mar12st,RRV021,order1,2012_FDES_CR_26mar12st,2012,FDES_CR
27mar12ks,RRV022,order1,2012_FDES_CR_27mar12ks,2012,FDES_CR
27mar12rg,RRV023,order1,2012_FDES_CR_27mar12rg,2012,FDES_CR
28mar12ah,RRV024,order1,2012_FDES_CR_28mar12ah,2012,FDES_CR
28mar12kw,RRV025,order1,2012_FDES_CR_28mar12kw,2012,FDES_CR
29mar12cw,RRV026,order1,2012_FDES_CR_29mar12cw,2012,FDES_CR
29mar12kf,RRV027,order1,2012_FDES_CR_29mar12kf,2012,FDES_CR
29mar12kl,RRV028,order1,2012_FDES_CR_29mar12kl,2012,FDES_CR
30mar12ar,RRV029,order2,2012_FDES_CR_30mar12ar,2012,FDES_CR
30mar12pe,RRV030,order1,2012_FDES_CR_30mar12pe,2012,FDES_CR
30mar12rg,RRV031,order2,2012_FDES_CR_30mar12rg,2012,FDES_CR
01oct13ms,RRV032,order2,2013_CUEMT_01oct13ms,2013,CUEMT
04nov13cl,RRV033,order1,2013_CUEMT_04nov13cl,2013,CUEMT
06nov13ed,RRV034,order2,2013_CUEMT_06nov13ed,2013,CUEMT
06nov13mb,RRV035,order1,2013_CUEMT_06nov13mb,2013,CUEMT
07nov13kj,RRV036,order2,2013_CUEMT_07nov13kj,2013,CUEMT
07oct13hb,RRV037,order1,2013_CUEMT_07oct13hb,2013,CUEMT
07oct13mm,RRV038,order2,2013_CUEMT_07oct13mm,2013,CUEMT
10oct13rs,RRV039,order2,2013_CUEMT_10oct13rs,2013,CUEMT
14oct13dg,RRV040,order1,2013_CUEMT_14oct13dg,2013,CUEMT
15nov13ah,RRV041,order1,2013_CUEMT_15nov13ah,2013,CUEMT
15nov13pn,RRV042,order2,2013_CUEMT_15nov13pn,2013,CUEMT
17oct13ad,RRV043,order2,2013_CUEMT_17oct13ad,2013,CUEMT
17oct13cc,RRV044,order1,2013_CUEMT_17oct13cc,2013,CUEMT
18nov13ab,RRV045,order1,2013_CUEMT_18nov13ab,2013,CUEMT
19nov13ap,RRV046,order2,2013_CUEMT_19nov13ap,2013,CUEMT
21oct13ac,RRV047,order2,2013_CUEMT_21oct13ac,2013,CUEMT
21oct13or,RRV048,order1,2013_CUEMT_21oct13or,2013,CUEMT
23oct13ab,RRV049,order2,2013_CUEMT_23oct13ab,2013,CUEMT
23oct13mg,RRV050,order1,2013_CUEMT_23oct13mg,2013,CUEMT
24oct13ak,RRV051,order1,2013_CUEMT_24oct13ak,2013,CUEMT
28oct13go,RRV052,order2,2013_CUEMT_28oct13go,2013,CUEMT
28oct13kb,RRV053,order1,2013_CUEMT_28oct13kb,2013,CUEMT
30sep13jn,RRV054,order1,2013_CUEMT_30sep13jn,2013,CUEMT
01apr14ap,RRV055,order2,2014_DCLUST_01apr14ap,2014,DCLUST
01apr14ap2,RRV056,order1,2014_DCLUST_01apr14ap2,2014,DCLUST
01apr14bm,RRV057,order2,2014_DCLUST_01apr14bm,2014,DCLUST
01apr14hw,RRV058,order1,2014_DCLUST_01apr14hw,2014,DCLUST
01apr14or,RRV059,order1,2014_DCLUST_01apr14or,2014,DCLUST
01may13yl,RRV060,order1,2014_DCLUST_01may13yl,2014,DCLUST
02apr13cv,RRV061,order2,2014_DCLUST_02apr13cv,2014,DCLUST
02apr13eh,RRV062,order1,2014_DCLUST_02apr13eh,2014,DCLUST
02may13lp,RRV063,order2,2014_DCLUST_02may13lp,2014,DCLUST
03apr13sh,RRV064,order1,2014_DCLUST_03apr13sh,2014,DCLUST
04may13rw,RRV065,order1,2014_DCLUST_04may13rw,2014,DCLUST
05mar13amk,RRV066,order1,2014_DCLUST_05mar13amk,2014,DCLUST
05oct13cs,RRV067,order1,2014_DCLUST_05oct13cs,2014,DCLUST
05oct13jl,RRV068,order2,2014_DCLUST_05oct13jl,2014,DCLUST
05oct13qh,RRV069,order2,2014_DCLUST_05oct13qh,2014,DCLUST
07apr14al,RRV070,order1,2014_DCLUST_07apr14al,2014,DCLUST
07mar13sv,RRV071,order1,2014_DCLUST_07mar13sv,2014,DCLUST
07oct13ad,RRV072,order1,2014_DCLUST_07oct13ad,2014,DCLUST
08apr14at,RRV073,order1,2014_DCLUST_08apr14at,2014,DCLUST
09oct13ag,RRV074,order2,2014_DCLUST_09oct13ag,2014,DCLUST
09oct13lh,RRV075,order1,2014_DCLUST_09oct13lh,2014,DCLUST
11apr13ch,RRV076,order1,2014_DCLUST_11apr13ch,2014,DCLUST
11apr13os,RRV077,order2,2014_DCLUST_11apr13os,2014,DCLUST
12oct13ea,RRV078,order1,2014_DCLUST_12oct13ea,2014,DCLUST
14apr14jt,RRV079,order2,2014_DCLUST_14apr14jt,2014,DCLUST
15apr14em,RRV080,order2,2014_DCLUST_15apr14em,2014,DCLUST
15apr14ks,RRV081,order1,2014_DCLUST_15apr14ks,2014,DCLUST
16apr13sp,RRV082,order2,2014_DCLUST_16apr13sp,2014,DCLUST
17apr13jr,RRV083,order1,2014_DCLUST_17apr13jr,2014,DCLUST
17apr13kw,RRV084,order2,2014_DCLUST_17apr13kw,2014,DCLUST
17apr13sj,RRV085,order1,2014_DCLUST_17apr13sj,2014,DCLUST
18apr13kb,RRV086,order2,2014_DCLUST_18apr13kb,2014,DCLUST
19apr13jp,RRV087,order2,2014_DCLUST_19apr13jp,2014,DCLUST
19apr13pa,RRV088,order1,2014_DCLUST_19apr13pa,2014,DCLUST
19apr14ad,RRV089,order1,2014_DCLUST_19apr14ad,2014,DCLUST
19apr14du,RRV090,order2,2014_DCLUST_19apr14du,2014,DCLUST
20jul13dy,RRV091,order1,2014_DCLUST_20jul13dy,2014,DCLUST
21apr14kf,RRV092,order1,2014_DCLUST_21apr14kf,2014,DCLUST
22apr14ef,RRV093,order1,2014_DCLUST_22apr14ef,2014,DCLUST
23apr13em,RRV094,order1,2014_DCLUST_23apr13em,2014,DCLUST
23apr14cp,RRV095,order1,2014_DCLUST_23apr14cp,2014,DCLUST
24apr13sh,RRV096,order2,2014_DCLUST_24apr13sh,2014,DCLUST
25apr13ag,RRV097,order1,2014_DCLUST_25apr13ag,2014,DCLUST
25apr13jc,RRV098,order2,2014_DCLUST_25apr13jc,2014,DCLUST
25feb13cp,RRV099,order1,2014_DCLUST_25feb13cp,2014,DCLUST
25feb13eb,RRV100,order2,2014_DCLUST_25feb13eb,2014,DCLUST
25feb13mb,RRV101,order2,2014_DCLUST_25feb13mb,2014,DCLUST
25oct13eb,RRV102,order2,2014_DCLUST_25oct13eb,2014,DCLUST
25oct13wl,RRV103,order1,2014_DCLUST_25oct13wl,2014,DCLUST
26apr14jl2,RRV104,order1,2014_DCLUST_26apr14jl2,2014,DCLUST
26feb13hs02,RRV105,order1,2014_DCLUST_26feb13hs02,2014,DCLUST
26feb13lh,RRV106,order2,2014_DCLUST_26feb13lh,2014,DCLUST
26mar13ew,RRV107,order2,2014_DCLUST_26mar13ew,2014,DCLUST
26mar13nr,RRV108,order1,2014_DCLUST_26mar13nr,2014,DCLUST
27apr14fg,RRV109,order2,2014_DCLUST_27apr14fg,2014,DCLUST
27apr14jl,RRV110,order1,2014_DCLUST_27apr14jl,2014,DCLUST
27feb13nm,RRV111,order2,2014_DCLUST_27feb13nm,2014,DCLUST
27mar13km,RRV112,order2,2014_DCLUST_27mar13km,2014,DCLUST
27oct13cm,RRV113,order1,2014_DCLUST_27oct13cm,2014,DCLUST
28apr13jz,RRV114,order1,2014_DCLUST_28apr13jz,2014,DCLUST
28feb13bm,RRV115,order2,2014_DCLUST_28feb13bm,2014,DCLUST
28feb13jr,RRV116,order1,2014_DCLUST_28feb13jr,2014,DCLUST
28feb13nk,RRV117,order1,2014_DCLUST_28feb13nk,2014,DCLUST
28feb13ow,RRV118,order2,2014_DCLUST_28feb13ow,2014,DCLUST
28mar13cm,RRV119,order2,2014_DCLUST_28mar13cm,2014,DCLUST
29apr13cz,RRV120,order1,2014_DCLUST_29apr13cz,2014,DCLUST
29apr13kw,RRV121,order2,2014_DCLUST_29apr13kw,2014,DCLUST
30apr13rn,RRV122,order2,2014_DCLUST_30apr13rn,2014,DCLUST
31mar14mj,RRV123,order1,2014_DCLUST_31mar14mj,2014,DCLUST
01may15fz,RRV124,ipro_order1,2015_IPRO_01may15fz,2015,IPRO
02apr15at,RRV125,ipro_order1,2015_IPRO_02apr15at,2015,IPRO
02jun15ky,RRV126,ipro_order2,2015_IPRO_02jun15ky,2015,IPRO
02jun15sm,RRV127,ipro_order1,2015_IPRO_02jun15sm,2015,IPRO
02mar15aj,RRV128,ipro_order2,2015_IPRO_02mar15aj,2015,IPRO
03apr15al,RRV129,ipro_order1,2015_IPRO_03apr15al,2015,IPRO
03apr15eb,RRV130,ipro_order1,2015_IPRO_03apr15eb,2015,IPRO
03apr15eh,RRV131,ipro_order2,2015_IPRO_03apr15eh,2015,IPRO
03apr15jf,RRV132,ipro_order2,2015_IPRO_03apr15jf,2015,IPRO
06apr15lt,RRV133,ipro_order1,2015_IPRO_06apr15lt,2015,IPRO
06apr15sh,RRV134,ipro_order2,2015_IPRO_06apr15sh,2015,IPRO
06mar15zs,RRV135,ipro_order1,2015_IPRO_06mar15zs,2015,IPRO
07apr15as,RRV136,ipro_order2,2015_IPRO_07apr15as,2015,IPRO
07apr15as2,RRV137,ipro_order1,2015_IPRO_07apr15as2,2015,IPRO
07apr15cn,RRV138,ipro_order1,2015_IPRO_07apr15cn,2015,IPRO
07apr15es,RRV139,ipro_order2,2015_IPRO_07apr15es,2015,IPRO
07apr15me,RRV140,ipro_order2,2015_IPRO_07apr15me,2015,IPRO
07apr15mm,RRV141,ipro_order1,2015_IPRO_07apr15mm,2015,IPRO
07may15ha,RRV142,ipro_order2,2015_IPRO_07may15ha,2015,IPRO
08mar15cf,RRV143,ipro_order2,2015_IPRO_08mar15cf,2015,IPRO
09apr15aw,RRV144,ipro_order2,2015_IPRO_09apr15aw,2015,IPRO
13apr15kp,RRV145,ipro_order1,2015_IPRO_13apr15kp,2015,IPRO
14apr15rg,RRV146,ipro_order2,2015_IPRO_14apr15rg,2015,IPRO
15apr15jy,RRV147,ipro_order1,2015_IPRO_15apr15jy,2015,IPRO
15apr15mp,RRV148,ipro_order2,2015_IPRO_15apr15mp,2015,IPRO
16apr15js,RRV149,ipro_order1,2015_IPRO_16apr15js,2015,IPRO
16feb15rn,RRV150,ipro_order2,2015_IPRO_16feb15rn,2015,IPRO
16feb15sf,RRV151,ipro_order1,2015_IPRO_16feb15sf,2015,IPRO
16feb15zb,RRV152,ipro_order1,2015_IPRO_16feb15zb,2015,IPRO
18feb15aa,RRV153,ipro_order1,2015_IPRO_18feb15aa,2015,IPRO
18feb15ap,RRV154,ipro_order2,2015_IPRO_18feb15ap,2015,IPRO
18feb15kl,RRV155,ipro_order1,2015_IPRO_18feb15kl,2015,IPRO
20feb15ac,RRV156,ipro_order1,2015_IPRO_20feb15ac,2015,IPRO
20feb15as,RRV157,ipro_order2,2015_IPRO_20feb15as,2015,IPRO
20feb15pw,RRV158,ipro_order1,2015_IPRO_20feb15pw,2015,IPRO
20feb15rw,RRV159,ipro_order2,2015_IPRO_20feb15rw,2015,IPRO
23feb15bf,RRV160,ipro_order2,2015_IPRO_23feb15bf,2015,IPRO
23feb15eb,RRV161,ipro_order1,2015_IPRO_23feb15eb,2015,IPRO
23feb15jk,RRV162,ipro_order2,2015_IPRO_23feb15jk,2015,IPRO
25feb15kx,RRV163,ipro_order2,2015_IPRO_25feb15kx,2015,IPRO
25feb15nh,RRV164,ipro_order1,2015_IPRO_25feb15nh,2015,IPRO
25feb15sl,RRV165,ipro_order1,2015_IPRO_25feb15sl,2015,IPRO
27feb15bh,RRV166,ipro_order2,2015_IPRO_27feb15bh,2015,IPRO
27feb15ea,RRV167,ipro_order1,2015_IPRO_27feb15ea,2015,IPRO
27feb15mc,RRV168,ipro_order1,2015_IPRO_27feb15mc,2015,IPRO
28apr15jr,RRV169,ipro_order2,2015_IPRO_28apr15jr,2015,IPRO
28apr15js,RRV170,ipro_order1,2015_IPRO_28apr15js,2015,IPRO
29apr15ma,RRV171,ipro_order1,2015_IPRO_29apr15ma,2015,IPRO
30apr15kh,RRV172,ipro_order2,2015_IPRO_30apr15kh,2015,IPRO
05oct15jk,RRV173,single_vers1,2015_SENSE_CR_05oct15jk,2015,SENSE_CR
06oct15rm,RRV174,single_vers2,2015_SENSE_CR_06oct15rm,2015,SENSE_CR
07oct15dg,RRV175,single_vers2,2015_SENSE_CR_07oct15dg,2015,SENSE_CR
07oct15kg,RRV176,single_vers1,2015_SENSE_CR_07oct15kg,2015,SENSE_CR
07oct15ms,RRV177,single_vers2,2015_SENSE_CR_07oct15ms,2015,SENSE_CR
08oct15ac,RRV178,single_vers1,2015_SENSE_CR_08oct15ac,2015,SENSE_CR
08oct15ea,RRV179,single_vers2,2015_SENSE_CR_08oct15ea,2015,SENSE_CR
09oct15dg,RRV180,single_vers2,2015_SENSE_CR_09oct15dg,2015,SENSE_CR
10oct15bm,RRV181,single_vers2,2015_SENSE_CR_10oct15bm,2015,SENSE_CR
10oct15ec,RRV182,single_vers2,2015_SENSE_CR_10oct15ec,2015,SENSE_CR
10oct15md,RRV183,single_vers2,2015_SENSE_CR_10oct15md,2015,SENSE_CR
10oct15mt,RRV184,single_vers1,2015_SENSE_CR_10oct15mt,2015,SENSE_CR
11oct15dr,RRV185,single_vers2,2015_SENSE_CR_11oct15dr,2015,SENSE_CR
11oct15rc,RRV186,single_vers2,2015_SENSE_CR_11oct15rc,2015,SENSE_CR
18sep15mb,RRV187,single_vers1,2015_SENSE_CR_18sep15mb,2015,SENSE_CR
18sep15ts,RRV188,single_vers1,2015_SENSE_CR_18sep15ts,2015,SENSE_CR
19sep15jc,RRV189,single_vers2,2015_SENSE_CR_19sep15jc,2015,SENSE_CR
19sep15lx,RRV190,single_vers1,2015_SENSE_CR_19sep15lx,2015,SENSE_CR
19sep15nk,RRV191,single_vers2,2015_SENSE_CR_19sep15nk,2015,SENSE_CR
20sep15ed,RRV192,single_vers2,2015_SENSE_CR_20sep15ed,2015,SENSE_CR
20sep15sb,RRV193,single_vers1,2015_SENSE_CR_20sep15sb,2015,SENSE_CR
21sep15ch,RRV194,single_vers2,2015_SENSE_CR_21sep15ch,2015,SENSE_CR
21sep15js,RRV195,single_vers1,2015_SENSE_CR_21sep15js,2015,SENSE_CR
22sep15cr,RRV196,single_vers1,2015_SENSE_CR_22sep15cr,2015,SENSE_CR
22sep15ss,RRV197,single_vers2,2015_SENSE_CR_22sep15ss,2015,SENSE_CR
23sep15jm,RRV198,single_vers2,2015_SENSE_CR_23sep15jm,2015,SENSE_CR
24sep15cm,RRV199,single_vers1,2015_SENSE_CR_24sep15cm,2015,SENSE_CR
24sep15ds,RRV200,single_vers2,2015_SENSE_CR_24sep15ds,2015,SENSE_CR
26sep15ad,RRV201,single_vers1,2015_SENSE_CR_26sep15ad,2015,SENSE_CR
26sep15be,RRV202,single_vers1,2015_SENSE_CR_26sep15be,2015,SENSE_CR
26sep15mk,RRV203,single_vers2,2015_SENSE_CR_26sep15mk,2015,SENSE_CR
28sep15bl,RRV204,single_vers1,2015_SENSE_CR_28sep15bl,2015,SENSE_CR
28sep15rg,RRV205,single_vers2,2015_SENSE_CR_28sep15rg,2015,SENSE_CR
09jan16bl,RRV206,single_vers1,2016_SENSE_CR_09jan16bl,2016,SENSE_CR
09jan16dc,RRV207,single_vers1,2016_SENSE_CR_09jan16dc,2016,SENSE_CR
09jan16sk,RRV208,single_vers1,2016_SENSE_CR_09jan16sk,2016,SENSE_CR
10jan16hh,RRV209,single_vers1,2016_SENSE_CR_10jan16hh,2016,SENSE_CR
10jan16hn,RRV210,single_vers2,2016_SENSE_CR_10jan16hn,2016,SENSE_CR
10jan16km,RRV211,single_vers1,2016_SENSE_CR_10jan16km,2016,SENSE_CR
11jan16lb,RRV212,single_vers2,2016_SENSE_CR_11jan16lb,2016,SENSE_CR
11jan16ts,RRV213,single_vers1,2016_SENSE_CR_11jan16ts,2016,SENSE_CR
12jan16lc,RRV214,single_vers1,2016_SENSE_CR_12jan16lc,2016,SENSE_CR
12jan16mo,RRV215,single_vers2,2016_SENSE_CR_12jan16mo,2016,SENSE_CR
13jan16al,RRV216,single_vers1,2016_SENSE_CR_13jan16al,2016,SENSE_CR
13jan16cr,RRV217,single_vers2,2016_SENSE_CR_13jan16cr,2016,SENSE_CR
13jan16lg,RRV218,single_vers2,2016_SENSE_CR_13jan16lg,2016,SENSE_CR
13jan16sz,RRV219,single_vers1,2016_SENSE_CR_13jan16sz,2016,SENSE_CR
14jan16ol,RRV220,single_vers2,2016_SENSE_CR_14jan16ol,2016,SENSE_CR
15jan16sc,RRV221,single_vers1,2016_SENSE_CR_15jan16sc,2016,SENSE_CR
16jan16jc,RRV222,single_vers1,2016_SENSE_CR_16jan16jc,2016,SENSE_CR
16jan16kc,RRV223,single_vers2,2016_SENSE_CR_16jan16kc,2016,SENSE_CR
16jan16sb,RRV224,single_vers1,2016_SENSE_CR_16jan16sb,2016,SENSE_CR
17jan16jr,RRV225,single_vers1,2016_SENSE_CR_17jan16jr,2016,SENSE_CR
17jan16po,RRV226,single_vers2,2016_SENSE_CR_17jan16po,2016,SENSE_CR
18jan16kc,RRV227,single_vers1,2016_SENSE_CR_18jan16kc,2016,SENSE_CR
19jan16av,RRV228,single_vers2,2016_SENSE_CR_19jan16av,2016,SENSE_CR
19jan16lu,RRV229,single_vers1,2016_SENSE_CR_19jan16lu,2016,SENSE_CR
20jan16ef,RRV230,single_vers2,2016_SENSE_CR_20jan16ef,2016,SENSE_CR
20jan16sg,RRV231,single_vers1,2016_SENSE_CR_20jan16sg,2016,SENSE_CR
21jan16co,RRV232,single_vers2,2016_SENSE_CR_21jan16co,2016,SENSE_CR
21jan16cw,RRV233,single_vers2,2016_SENSE_CR_21jan16cw,2016,SENSE_CR
22jan16co,RRV234,single_vers2,2016_SENSE_CR_22jan16co,2016,SENSE_CR
22jan16jl,RRV235,single_vers1,2016_SENSE_CR_22jan16jl,2016,SENSE_CR
02apr16zb,RRV236,single_vers1,2016_SENSE_SP_CR_02apr16zb,2016,SENSE_SP_CR
03apr16cf,RRV237,single_vers2,2016_SENSE_SP_CR_03apr16cf,2016,SENSE_SP_CR
03apr16dl,RRV238,single_vers2,2016_SENSE_SP_CR_03apr16dl,2016,SENSE_SP_CR
03apr16sg,RRV239,single_vers2,2016_SENSE_SP_CR_03apr16sg,2016,SENSE_SP_CR
06apr16ac,RRV240,single_vers2,2016_SENSE_SP_CR_06apr16ac,2016,SENSE_SP_CR
06apr16ai,RRV241,single_vers1,2016_SENSE_SP_CR_06apr16ai,2016,SENSE_SP_CR
06apr16cs,RRV242,single_vers2,2016_SENSE_SP_CR_06apr16cs,2016,SENSE_SP_CR
06apr16tn,RRV243,single_vers2,2016_SENSE_SP_CR_06apr16tn,2016,SENSE_SP_CR
07apr16ek,RRV244,single_vers1,2016_SENSE_SP_CR_07apr16ek,2016,SENSE_SP_CR
07apr16md,RRV245,single_vers1,2016_SENSE_SP_CR_07apr16md,2016,SENSE_SP_CR
07apr16tl,RRV246,single_vers2,2016_SENSE_SP_CR_07apr16tl,2016,SENSE_SP_CR
08apr16as,RRV247,single_vers1,2016_SENSE_SP_CR_08apr16as,2016,SENSE_SP_CR
08apr16lk,RRV248,single_vers1,2016_SENSE_SP_CR_08apr16lk,2016,SENSE_SP_CR
08apr16mv,RRV249,single_vers1,2016_SENSE_SP_CR_08apr16mv,2016,SENSE_SP_CR
08apr16yz,RRV250,single_vers1,2016_SENSE_SP_CR_08apr16yz,2016,SENSE_SP_CR
09apr16bc,RRV251,single_vers2,2016_SENSE_SP_CR_09apr16bc,2016,SENSE_SP_CR
09apr16pr,RRV252,single_vers2,2016_SENSE_SP_CR_09apr16pr,2016,SENSE_SP_CR
09apr16vr,RRV253,single_vers1,2016_SENSE_SP_CR_09apr16vr,2016,SENSE_SP_CR
10apr16as,RRV254,single_vers2,2016_SENSE_SP_CR_10apr16as,2016,SENSE_SP_CR
10apr16dp,RRV255,single_vers1,2016_SENSE_SP_CR_10apr16dp,2016,SENSE_SP_CR
10apr16kr,RRV256,single_vers1,2016_SENSE_SP_CR_10apr16kr,2016,SENSE_SP_CR
12apr16cg,RRV257,single_vers1,2016_SENSE_SP_CR_12apr16cg,2016,SENSE_SP_CR
12apr16wc,RRV258,single_vers2,2016_SENSE_SP_CR_12apr16wc,2016,SENSE_SP_CR
13apr16it,RRV259,single_vers1,2016_SENSE_SP_CR_13apr16it,2016,SENSE_SP_CR
13apr16nm,RRV260,single_vers2,2016_SENSE_SP_CR_13apr16nm,2016,SENSE_SP_CR
15apr16ar,RRV261,single_vers2,2016_SENSE_SP_CR_15apr16ar,2016,SENSE_SP_CR
15apr16gj,RRV262,single_vers2,2016_SENSE_SP_CR_15apr16gj,2016,SENSE_SP_CR
15apr16lg,RRV263,single_vers1,2016_SENSE_SP_CR_15apr16lg,2016,SENSE_SP_CR
20apr16cr,RRV264,single_vers2,2016_SENSE_SP_CR_20apr16cr,2016,SENSE_SP_CR
21apr16mc,RRV265,single_vers1,2016_SENSE_SP_CR_21apr16mc,2016,SENSE_SP_CR
21apr16yy,RRV266,single_vers1,2016_SENSE_SP_CR_21apr16yy,2016,SENSE_SP_CR
22apr16ac,RRV267,single_vers2,2016_SENSE_SP_CR_22apr16ac,2016,SENSE_SP_CR
24apr16cm,RRV268,single_vers2,2016_SENSE_SP_CR_24apr16cm,2016,SENSE_SP_CR
29mar16hd,RRV269,single_vers2,2016_SENSE_SP_CR_29mar16hd,2016,SENSE_SP_CR
29mar16lb,RRV270,single_vers1,2016_SENSE_SP_CR_29mar16lb,2016,SENSE_SP_CR
29mar16ls,RRV271,single_vers2,2016_SENSE_SP_CR_29mar16ls,2016,SENSE_SP_CR
30mar16ds,RRV272,single_vers2,2016_SENSE_SP_CR_30mar16ds,2016,SENSE_SP_CR
